date,county,positive_patients,suspected_positive_patients,positive_icu,suspected_positive_icu
2020-03-31,Alameda,56,94,27,17
2020-03-31,Alpine,0,0,0,0
2020-03-31,Amador,0,0,0,0
2020-03-31,Butte,4,20,2,3
2020-03-31,Calaveras,0,1,0,0
2020-03-31,Colusa,0,1,0,1
2020-03-31,Contra Costa,27,54,11,10
2020-03-31,Del Norte,0,4,0,0
2020-03-31,El Dorado,10,9,4,6
2020-03-31,Fresno,30,274,0,19
2020-03-31,Glenn,0,0,0,0
2020-03-31,Humboldt,1,11,0,4
2020-03-31,Imperial,12,100,3,4
2020-03-31,Inyo,0,83,0,0
2020-03-31,Kern,14,63,6,6
2020-03-31,Kings,1,3,1,2
2020-03-31,Lake,0,4,0,2
2020-03-31,Lassen,0,7,0,0
2020-03-31,Los Angeles,713,1239,315,239
2020-03-31,Madera,1,3,1,0
2020-03-31,Marin,9,14,4,2
2020-03-31,Mariposa,0,0,0,0
2020-03-31,Mendocino,0,1,0,0
2020-03-31,Merced,3,11,0,2
2020-03-31,Modoc,0,19,0,0
2020-03-31,Mono,0,1,0,0
2020-03-31,Monterey,11,15,4,2
2020-03-31,Napa,1,5,1,1
2020-03-31,Nevada,36,40,2,1
2020-03-31,Orange,105,233,45,44
2020-03-31,Placer,18,27,6,0
2020-03-31,Plumas,0,0,0,0
2020-03-31,Riverside,80,155,28,59
2020-03-31,Sacramento,53,110,20,31
2020-03-31,San Benito,1,0,1,0
2020-03-31,San Bernardino,82,231,33,48
2020-03-31,San Diego,158,408,75,39
2020-03-31,San Francisco,67,69,30,14
2020-03-31,San Joaquin,44,54,14,5
2020-03-31,San Luis Obispo,7,15,3,6
2020-03-31,San Mateo,60,23,18,5
2020-03-31,Santa Barbara,19,29,14,7
2020-03-31,Santa Clara,155,98,73,17
2020-03-31,Santa Cruz,1,10,1,2
2020-03-31,Shasta,1,5,1,0
2020-03-31,Sierra,0,0,0,0
2020-03-31,Siskiyou,0,0,0,0
2020-03-31,Solano,15,15,6,5
2020-03-31,Sonoma,8,18,3,3
2020-03-31,Stanislaus,20,31,9,1
2020-03-31,Sutter,0,0,0,0
2020-03-31,Tehama,0,2,0,0
2020-03-31,Trinity,0,0,0,0
2020-03-31,Tulare,6,14,4,5
2020-03-31,Tuolumne,0,37,0,0
2020-03-31,Ventura,21,90,5,24
2020-03-31,Yolo,3,2,2,2
2020-03-31,Yuba,2,21,2,4
2020-04-01,Alameda,52,76,27,15
2020-04-01,Alpine,0,0,0,0
2020-04-01,Amador,0,3,0,0
2020-04-01,Butte,5,33,2,4
2020-04-01,Calaveras,0,1,0,0
2020-04-01,Colusa,0,1,0,1
2020-04-01,Contra Costa,31,42,12,12
2020-04-01,Del Norte,0,5,0,0
2020-04-01,El Dorado,14,8,1,3
2020-04-01,Fresno,19,101,5,13
2020-04-01,Glenn,0,0,0,0
2020-04-01,Humboldt,1,9,0,3
2020-04-01,Imperial,4,15,3,4
2020-04-01,Inyo,7,89,0,0
2020-04-01,Kern,15,45,7,9
2020-04-01,Kings,2,6,1,2
2020-04-01,Lake,0,2,0,0
2020-04-01,Lassen,0,7,0,0
2020-04-01,Los Angeles,739,1332,335,220
2020-04-01,Madera,1,3,1,0
2020-04-01,Marin,9,19,4,2
2020-04-01,Mariposa,0,0,0,0
2020-04-01,Mendocino,0,2,0,0
2020-04-01,Merced,3,15,0,3
2020-04-01,Modoc,0,1,0,0
2020-04-01,Mono,0,0,0,0
2020-04-01,Monterey,13,16,4,4
2020-04-01,Napa,2,2,0,1
2020-04-01,Nevada,36,54,0,4
2020-04-01,Orange,117,221,50,48
2020-04-01,Placer,25,28,6,2
2020-04-01,Plumas,0,0,0,0
2020-04-01,Riverside,85,182,29,47
2020-04-01,Sacramento,53,138,20,33
2020-04-01,San Benito,2,0,2,0
2020-04-01,San Bernardino,95,196,39,52
2020-04-01,San Diego,168,340,71,32
2020-04-01,San Francisco,67,66,30,8
2020-04-01,San Joaquin,25,35,16,11
2020-04-01,San Luis Obispo,8,10,5,6
2020-04-01,San Mateo,57,35,19,9
2020-04-01,Santa Barbara,23,23,15,6
2020-04-01,Santa Clara,160,85,77,15
2020-04-01,Santa Cruz,2,12,2,2
2020-04-01,Shasta,1,4,0,1
2020-04-01,Sierra,0,0,0,0
2020-04-01,Siskiyou,0,5,0,2
2020-04-01,Solano,14,18,5,2
2020-04-01,Sonoma,5,18,1,2
2020-04-01,Stanislaus,25,39,10,6
2020-04-01,Sutter,0,0,0,0
2020-04-01,Tehama,0,1,0,1
2020-04-01,Trinity,0,0,0,0
2020-04-01,Tulare,4,12,3,4
2020-04-01,Tuolumne,0,0,0,0
2020-04-01,Ventura,22,96,5,23
2020-04-01,Yolo,3,3,1,1
2020-04-01,Yuba,2,24,2,4
2020-04-02,Alameda,57,76,29,17
2020-04-02,Alpine,0,0,0,0
2020-04-02,Amador,0,3,0,0
2020-04-02,Butte,4,26,2,2
2020-04-02,Calaveras,0,1,0,0
2020-04-02,Colusa,0,1,0,0
2020-04-02,Contra Costa,32,38,13,10
2020-04-02,Del Norte,0,3,0,0
2020-04-02,El Dorado,15,12,0,6
2020-04-02,Fresno,17,74,6,13
2020-04-02,Glenn,0,0,0,0
2020-04-02,Humboldt,1,8,0,2
2020-04-02,Imperial,4,16,3,5
2020-04-02,Inyo,8,102,0,1
2020-04-02,Kern,27,77,12,23
2020-04-02,Kings,2,6,1,1
2020-04-02,Lake,0,1,0,0
2020-04-02,Lassen,0,7,0,0
2020-04-02,Los Angeles,818,1270,346,193
2020-04-02,Madera,1,7,1,3
2020-04-02,Marin,7,16,3,1
2020-04-02,Mariposa,0,1,0,0
2020-04-02,Mendocino,0,1,0,0
2020-04-02,Merced,4,5,0,1
2020-04-02,Modoc,0,1,0,0
2020-04-02,Mono,18,2,0,0
2020-04-02,Monterey,14,14,4,2
2020-04-02,Napa,1,4,1,1
2020-04-02,Nevada,38,58,2,1
2020-04-02,Orange,129,225,67,47
2020-04-02,Placer,32,15,9,0
2020-04-02,Plumas,0,0,0,0
2020-04-02,Riverside,136,181,45,49
2020-04-02,Sacramento,71,92,24,19
2020-04-02,San Benito,2,0,2,0
2020-04-02,San Bernardino,126,185,50,45
2020-04-02,San Diego,144,343,69,35
2020-04-02,San Francisco,75,60,32,11
2020-04-02,San Joaquin,42,42,20,7
2020-04-02,San Luis Obispo,5,5,4,4
2020-04-02,San Mateo,62,40,26,4
2020-04-02,Santa Barbara,26,44,18,10
2020-04-02,Santa Clara,161,101,69,19
2020-04-02,Santa Cruz,4,4,3,0
2020-04-02,Shasta,2,4,1,0
2020-04-02,Sierra,0,0,0,0
2020-04-02,Siskiyou,0,3,0,2
2020-04-02,Solano,15,8,7,1
2020-04-02,Sonoma,8,18,1,0
2020-04-02,Stanislaus,30,43,11,7
2020-04-02,Sutter,0,0,0,0
2020-04-02,Tehama,0,1,0,1
2020-04-02,Trinity,0,0,0,0
2020-04-02,Tulare,4,26,4,5
2020-04-02,Tuolumne,0,0,0,0
2020-04-02,Ventura,27,111,7,24
2020-04-02,Yolo,3,2,2,3
2020-04-02,Yuba,2,25,2,6
2020-04-03,Alameda,64,74,32,13
2020-04-03,Alpine,0,0,0,0
2020-04-03,Amador,0,0,0,0
2020-04-03,Butte,3,19,2,6
2020-04-03,Calaveras,0,1,0,0
2020-04-03,Colusa,1,0,1,0
2020-04-03,Contra Costa,31,39,15,10
2020-04-03,Del Norte,0,2,0,0
2020-04-03,El Dorado,15,9,0,4
2020-04-03,Fresno,15,81,7,16
2020-04-03,Glenn,0,0,0,0
2020-04-03,Humboldt,1,7,0,0
2020-04-03,Imperial,9,7,7,0
2020-04-03,Inyo,8,102,1,2
2020-04-03,Kern,35,73,12,16
2020-04-03,Kings,0,3,1,0
2020-04-03,Lake,0,2,0,1
2020-04-03,Lassen,0,3,0,0
2020-04-03,Los Angeles,962,1239,422,209
2020-04-03,Madera,0,5,0,1
2020-04-03,Marin,6,16,3,5
2020-04-03,Mariposa,0,2,0,0
2020-04-03,Mendocino,0,5,0,1
2020-04-03,Merced,4,5,1,1
2020-04-03,Modoc,0,0,0,0
2020-04-03,Mono,18,2,0,0
2020-04-03,Monterey,16,18,3,1
2020-04-03,Napa,1,9,0,1
2020-04-03,Nevada,2,4,2,1
2020-04-03,Orange,131,182,66,36
2020-04-03,Placer,21,23,10,1
2020-04-03,Plumas,0,0,0,0
2020-04-03,Riverside,105,182,44,59
2020-04-03,Sacramento,77,76,28,17
2020-04-03,San Benito,2,0,2,0
2020-04-03,San Bernardino,118,204,44,53
2020-04-03,San Diego,171,308,84,28
2020-04-03,San Francisco,80,71,39,8
2020-04-03,San Joaquin,41,38,18,8
2020-04-03,San Luis Obispo,4,5,3,2
2020-04-03,San Mateo,65,39,26,4
2020-04-03,Santa Barbara,27,29,18,4
2020-04-03,Santa Clara,164,83,71,17
2020-04-03,Santa Cruz,4,8,3,0
2020-04-03,Shasta,2,9,1,3
2020-04-03,Sierra,0,0,0,0
2020-04-03,Siskiyou,0,3,0,1
2020-04-03,Solano,16,21,7,5
2020-04-03,Sonoma,6,24,2,3
2020-04-03,Stanislaus,28,0,12,8
2020-04-03,Sutter,0,0,0,0
2020-04-03,Tehama,0,0,0,0
2020-04-03,Trinity,0,0,0,0
2020-04-03,Tulare,6,15,5,2
2020-04-03,Tuolumne,0,0,0,0
2020-04-03,Ventura,22,116,6,28
2020-04-03,Yolo,2,7,3,6
2020-04-03,Yuba,2,12,2,3
2020-04-04,Alameda,60,95,35,18
2020-04-04,Alpine,0,0,0,0
2020-04-04,Amador,0,0,0,0
2020-04-04,Butte,3,14,1,4
2020-04-04,Calaveras,0,1,0,0
2020-04-04,Colusa,1,0,1,0
2020-04-04,Contra Costa,30,47,12,7
2020-04-04,Del Norte,0,2,0,0
2020-04-04,El Dorado,15,9,0,3
2020-04-04,Fresno,14,93,7,20
2020-04-04,Glenn,0,0,0,0
2020-04-04,Humboldt,1,4,0,0
2020-04-04,Imperial,9,10,5,2
2020-04-04,Inyo,8,106,1,1
2020-04-04,Kern,33,54,14,11
2020-04-04,Kings,1,9,1,0
2020-04-04,Lake,0,4,0,1
2020-04-04,Lassen,0,0,0,0
2020-04-04,Los Angeles,1007,1190,449,181
2020-04-04,Madera,0,4,0,0
2020-04-04,Marin,5,16,3,5
2020-04-04,Mariposa,0,2,0,0
2020-04-04,Mendocino,0,3,0,1
2020-04-04,Merced,5,14,1,1
2020-04-04,Modoc,0,0,0,0
2020-04-04,Mono,20,2,0,0
2020-04-04,Monterey,16,25,4,2
2020-04-04,Napa,1,8,0,1
2020-04-04,Nevada,2,6,2,2
2020-04-04,Orange,143,213,70,45
2020-04-04,Placer,23,14,10,1
2020-04-04,Plumas,0,0,0,0
2020-04-04,Riverside,126,186,39,56
2020-04-04,Sacramento,69,76,25,18
2020-04-04,San Benito,2,3,2,0
2020-04-04,San Bernardino,138,254,51,66
2020-04-04,San Diego,177,218,86,19
2020-04-04,San Francisco,80,65,37,7
2020-04-04,San Joaquin,43,30,16,7
2020-04-04,San Luis Obispo,4,6,3,3
2020-04-04,San Mateo,66,19,25,6
2020-04-04,Santa Barbara,28,34,18,2
2020-04-04,Santa Clara,159,79,72,19
2020-04-04,Santa Cruz,4,6,3,0
2020-04-04,Shasta,2,10,4,0
2020-04-04,Sierra,0,0,0,0
2020-04-04,Siskiyou,0,2,0,1
2020-04-04,Solano,16,19,7,2
2020-04-04,Sonoma,7,16,2,6
2020-04-04,Stanislaus,30,45,12,9
2020-04-04,Sutter,0,0,0,0
2020-04-04,Tehama,0,1,0,0
2020-04-04,Trinity,0,0,0,0
2020-04-04,Tulare,8,20,5,1
2020-04-04,Tuolumne,0,1,0,1
2020-04-04,Ventura,21,127,7,25
2020-04-04,Yolo,4,5,3,3
2020-04-04,Yuba,2,16,2,2
2020-04-05,Alameda,72,87,39,13
2020-04-05,Alpine,0,0,0,0
2020-04-05,Amador,0,0,0,0
2020-04-05,Butte,2,16,1,6
2020-04-05,Calaveras,0,0,0,0
2020-04-05,Colusa,1,0,1,0
2020-04-05,Contra Costa,29,35,15,10
2020-04-05,Del Norte,0,1,0,0
2020-04-05,El Dorado,16,6,0,3
2020-04-05,Fresno,16,81,8,15
2020-04-05,Glenn,0,0,0,0
2020-04-05,Humboldt,2,3,0,0
2020-04-05,Imperial,9,9,8,1
2020-04-05,Inyo,9,106,1,0
2020-04-05,Kern,23,27,12,4
2020-04-05,Kings,3,1,2,0
2020-04-05,Lake,0,4,0,2
2020-04-05,Lassen,0,0,0,0
2020-04-05,Los Angeles,1094,1082,473,116
2020-04-05,Madera,0,1,0,0
2020-04-05,Marin,5,15,3,5
2020-04-05,Mariposa,0,2,0,0
2020-04-05,Mendocino,0,3,0,2
2020-04-05,Merced,15,10,1,3
2020-04-05,Modoc,0,0,0,0
2020-04-05,Mono,20,2,0,0
2020-04-05,Monterey,16,15,4,0
2020-04-05,Napa,1,8,0,1
2020-04-05,Nevada,2,4,2,1
2020-04-05,Orange,144,221,70,46
2020-04-05,Placer,23,13,10,1
2020-04-05,Plumas,0,0,0,0
2020-04-05,Riverside,129,207,47,60
2020-04-05,Sacramento,64,78,23,26
2020-04-05,San Benito,3,0,2,0
2020-04-05,San Bernardino,146,240,59,54
2020-04-05,San Diego,179,220,89,31
2020-04-05,San Francisco,79,68,37,11
2020-04-05,San Joaquin,46,24,17,4
2020-04-05,San Luis Obispo,2,11,2,9
2020-04-05,San Mateo,69,15,24,6
2020-04-05,Santa Barbara,31,26,18,2
2020-04-05,Santa Clara,166,69,68,18
2020-04-05,Santa Cruz,5,12,4,4
2020-04-05,Shasta,8,11,4,0
2020-04-05,Sierra,0,0,0,0
2020-04-05,Siskiyou,0,2,0,2
2020-04-05,Solano,15,17,6,24
2020-04-05,Sonoma,6,21,2,6
2020-04-05,Stanislaus,30,25,14,5
2020-04-05,Sutter,0,0,0,0
2020-04-05,Tehama,0,1,0,0
2020-04-05,Trinity,0,0,0,0
2020-04-05,Tulare,4,20,8,2
2020-04-05,Tuolumne,0,0,0,0
2020-04-05,Ventura,21,128,7,28
2020-04-05,Yolo,3,6,3,3
2020-04-05,Yuba,1,14,1,1
2020-04-06,Alameda,79,70,43,19
2020-04-06,Alpine,0,0,0,0
2020-04-06,Amador,0,0,0,0
2020-04-06,Butte,1,15,1,5
2020-04-06,Calaveras,0,0,0,0
2020-04-06,Colusa,0,0,0,0
2020-04-06,Contra Costa,30,28,15,11
2020-04-06,Del Norte,0,3,0,0
2020-04-06,El Dorado,16,1,0,0
2020-04-06,Fresno,18,81,11,20
2020-04-06,Glenn,0,0,0,0
2020-04-06,Humboldt,3,12,0,3
2020-04-06,Imperial,9,14,7,2
2020-04-06,Inyo,9,114,1,0
2020-04-06,Kern,24,36,12,5
2020-04-06,Kings,3,3,2,0
2020-04-06,Lake,0,8,0,2
2020-04-06,Lassen,0,0,0,0
2020-04-06,Los Angeles,1166,1070,486,175
2020-04-06,Madera,0,2,0,1
2020-04-06,Marin,8,8,4,4
2020-04-06,Mariposa,0,3,0,0
2020-04-06,Mendocino,0,2,0,2
2020-04-06,Merced,4,2,0,2
2020-04-06,Modoc,0,0,0,0
2020-04-06,Mono,20,2,0,0
2020-04-06,Monterey,16,15,5,1
2020-04-06,Napa,0,7,0,0
2020-04-06,Nevada,1,5,1,2
2020-04-06,Orange,145,171,73,33
2020-04-06,Placer,20,12,10,1
2020-04-06,Plumas,0,0,0,0
2020-04-06,Riverside,129,193,46,65
2020-04-06,Sacramento,77,78,26,19
2020-04-06,San Benito,3,3,2,0
2020-04-06,San Bernardino,148,185,60,43
2020-04-06,San Diego,187,224,83,25
2020-04-06,San Francisco,80,71,34,9
2020-04-06,San Joaquin,31,32,14,3
2020-04-06,San Luis Obispo,2,3,2,2
2020-04-06,San Mateo,68,20,25,5
2020-04-06,Santa Barbara,34,26,19,5
2020-04-06,Santa Clara,181,49,79,10
2020-04-06,Santa Cruz,5,9,4,2
2020-04-06,Shasta,6,3,2,2
2020-04-06,Sierra,0,0,0,0
2020-04-06,Siskiyou,0,0,0,0
2020-04-06,Solano,15,21,6,6
2020-04-06,Sonoma,6,18,2,4
2020-04-06,Stanislaus,28,28,12,4
2020-04-06,Sutter,0,0,0,0
2020-04-06,Tehama,0,0,0,0
2020-04-06,Trinity,0,0,0,0
2020-04-06,Tulare,12,24,8,3
2020-04-06,Tuolumne,0,0,0,0
2020-04-06,Ventura,22,106,9,20
2020-04-06,Yolo,4,0,3,4
2020-04-06,Yuba,1,19,1,3
2020-04-07,Alameda,76,84,43,25
2020-04-07,Alpine,0,0,0,0
2020-04-07,Amador,0,0,0,0
2020-04-07,Butte,1,14,1,5
2020-04-07,Calaveras,0,1,0,0
2020-04-07,Colusa,0,0,0,0
2020-04-07,Contra Costa,31,38,17,9
2020-04-07,Del Norte,0,3,0,1
2020-04-07,El Dorado,16,2,0,3
2020-04-07,Fresno,20,82,11,13
2020-04-07,Glenn,0,0,0,0
2020-04-07,Humboldt,2,7,0,0
2020-04-07,Imperial,9,14,7,2
2020-04-07,Inyo,9,121,1,0
2020-04-07,Kern,28,91,14,13
2020-04-07,Kings,3,4,2,0
2020-04-07,Lake,0,0,0,0
2020-04-07,Lassen,0,1,0,0
2020-04-07,Los Angeles,1251,1350,517,162
2020-04-07,Madera,0,3,0,1
2020-04-07,Marin,6,5,4,4
2020-04-07,Mariposa,0,3,0,0
2020-04-07,Mendocino,0,2,0,0
2020-04-07,Merced,3,3,0,3
2020-04-07,Modoc,0,1,0,0
2020-04-07,Mono,20,2,0,0
2020-04-07,Monterey,18,25,5,4
2020-04-07,Napa,0,5,0,3
2020-04-07,Nevada,1,4,1,2
2020-04-07,Orange,143,144,71,29
2020-04-07,Placer,19,18,9,3
2020-04-07,Plumas,0,1,0,0
2020-04-07,Riverside,129,207,57,57
2020-04-07,Sacramento,74,91,28,18
2020-04-07,San Benito,3,3,2,0
2020-04-07,San Bernardino,146,178,54,49
2020-04-07,San Diego,203,124,87,29
2020-04-07,San Francisco,88,116,36,9
2020-04-07,San Joaquin,31,33,14,4
2020-04-07,San Luis Obispo,2,5,2,4
2020-04-07,San Mateo,63,13,26,2
2020-04-07,Santa Barbara,41,8,23,1
2020-04-07,Santa Clara,187,47,77,7
2020-04-07,Santa Cruz,4,4,4,3
2020-04-07,Shasta,5,8,2,3
2020-04-07,Sierra,0,0,0,0
2020-04-07,Siskiyou,0,1,0,1
2020-04-07,Solano,14,24,7,6
2020-04-07,Sonoma,6,28,2,6
2020-04-07,Stanislaus,28,40,13,9
2020-04-07,Sutter,0,0,0,0
2020-04-07,Tehama,0,1,0,0
2020-04-07,Trinity,0,0,0,0
2020-04-07,Tulare,8,23,5,6
2020-04-07,Tuolumne,0,0,0,0
2020-04-07,Ventura,22,68,9,20
2020-04-07,Yolo,2,3,2,1
2020-04-07,Yuba,2,25,1,5
2020-04-08,Alameda,84,69,45,18
2020-04-08,Alpine,0,0,0,0
2020-04-08,Amador,0,0,0,0
2020-04-08,Butte,1,15,1,7
2020-04-08,Calaveras,0,2,0,0
2020-04-08,Colusa,0,0,0,0
2020-04-08,Contra Costa,35,50,18,13
2020-04-08,Del Norte,0,2,0,1
2020-04-08,El Dorado,16,3,0,1
2020-04-08,Fresno,22,63,10,8
2020-04-08,Glenn,0,0,0,0
2020-04-08,Humboldt,2,3,0,0
2020-04-08,Imperial,16,7,8,3
2020-04-08,Inyo,9,128,1,1
2020-04-08,Kern,31,57,16,3
2020-04-08,Kings,2,8,1,1
2020-04-08,Lake,0,0,0,1
2020-04-08,Lassen,0,1,0,0
2020-04-08,Los Angeles,1331,1077,532,211
2020-04-08,Madera,0,6,0,1
2020-04-08,Marin,5,3,4,2
2020-04-08,Mariposa,0,0,0,0
2020-04-08,Mendocino,0,0,0,0
2020-04-08,Merced,1,1,0,2
2020-04-08,Modoc,0,0,0,0
2020-04-08,Mono,19,8,0,0
2020-04-08,Monterey,18,24,5,0
2020-04-08,Napa,0,7,0,1
2020-04-08,Nevada,2,7,2,2
2020-04-08,Orange,153,181,49,34
2020-04-08,Placer,18,15,10,2
2020-04-08,Plumas,0,1,0,0
2020-04-08,Riverside,149,145,56,41
2020-04-08,Sacramento,76,81,28,12
2020-04-08,San Benito,2,0,1,0
2020-04-08,San Bernardino,132,301,51,53
2020-04-08,San Diego,225,103,92,24
2020-04-08,San Francisco,90,116,36,17
2020-04-08,San Joaquin,32,19,11,8
2020-04-08,San Luis Obispo,2,13,2,11
2020-04-08,San Mateo,66,20,25,2
2020-04-08,Santa Barbara,42,18,19,1
2020-04-08,Santa Clara,156,34,70,6
2020-04-08,Santa Cruz,4,9,3,4
2020-04-08,Shasta,4,5,2,2
2020-04-08,Sierra,0,0,0,0
2020-04-08,Siskiyou,0,3,0,1
2020-04-08,Solano,15,19,8,2
2020-04-08,Sonoma,6,22,2,5
2020-04-08,Stanislaus,30,35,11,5
2020-04-08,Sutter,0,0,0,0
2020-04-08,Tehama,0,2,0,0
2020-04-08,Trinity,0,0,0,0
2020-04-08,Tulare,7,16,2,5
2020-04-08,Tuolumne,0,0,0,0
2020-04-08,Ventura,18,73,9,14
2020-04-08,Yolo,2,7,1,2
2020-04-08,Yuba,2,24,1,3
2020-04-09,Alameda,80,76,44,18
2020-04-09,Alpine,0,0,0,0
2020-04-09,Amador,0,0,0,0
2020-04-09,Butte,1,14,1,4
2020-04-09,Calaveras,0,0,0,0
2020-04-09,Colusa,0,0,0,1
2020-04-09,Contra Costa,37,64,18,12
2020-04-09,Del Norte,0,2,0,0
2020-04-09,El Dorado,17,3,0,1
2020-04-09,Fresno,25,41,10,9
2020-04-09,Glenn,0,0,0,0
2020-04-09,Humboldt,2,6,0,2
2020-04-09,Imperial,14,10,7,3
2020-04-09,Inyo,9,135,1,0
2020-04-09,Kern,27,35,16,9
2020-04-09,Kings,6,6,3,0
2020-04-09,Lake,0,0,0,1
2020-04-09,Lassen,0,2,0,0
2020-04-09,Los Angeles,1368,758,541,156
2020-04-09,Madera,0,3,0,2
2020-04-09,Marin,5,7,2,1
2020-04-09,Mariposa,0,0,0,0
2020-04-09,Mendocino,0,0,0,0
2020-04-09,Merced,1,7,0,2
2020-04-09,Modoc,0,0,0,0
2020-04-09,Mono,18,15,0,0
2020-04-09,Monterey,17,26,5,0
2020-04-09,Napa,0,7,0,0
2020-04-09,Nevada,2,4,2,1
2020-04-09,Orange,146,117,45,29
2020-04-09,Placer,18,12,9,1
2020-04-09,Plumas,0,1,0,0
2020-04-09,Riverside,201,159,59,34
2020-04-09,Sacramento,74,60,31,11
2020-04-09,San Benito,2,1,1,0
2020-04-09,San Bernardino,136,269,56,41
2020-04-09,San Diego,227,124,98,18
2020-04-09,San Francisco,88,64,33,13
2020-04-09,San Joaquin,29,18,12,7
2020-04-09,San Luis Obispo,2,10,2,8
2020-04-09,San Mateo,58,14,18,2
2020-04-09,Santa Barbara,40,18,20,2
2020-04-09,Santa Clara,158,65,70,17
2020-04-09,Santa Cruz,4,14,2,5
2020-04-09,Shasta,5,7,2,1
2020-04-09,Sierra,0,0,0,0
2020-04-09,Siskiyou,0,2,0,7
2020-04-09,Solano,14,9,8,0
2020-04-09,Sonoma,5,21,2,4
2020-04-09,Stanislaus,28,30,11,0
2020-04-09,Sutter,0,0,0,0
2020-04-09,Tehama,0,1,0,1
2020-04-09,Trinity,0,0,0,0
2020-04-09,Tulare,10,11,5,4
2020-04-09,Tuolumne,0,0,0,0
2020-04-09,Ventura,18,69,8,13
2020-04-09,Yolo,2,4,1,2
2020-04-09,Yuba,3,18,2,4
2020-04-10,Alameda,93,71,45,26
2020-04-10,Alpine,0,0,0,0
2020-04-10,Amador,0,0,0,0
2020-04-10,Butte,1,15,1,5
2020-04-10,Calaveras,0,0,0,0
2020-04-10,Colusa,0,0,0,0
2020-04-10,Contra Costa,42,30,17,6
2020-04-10,Del Norte,0,3,0,0
2020-04-10,El Dorado,17,1,0,1
2020-04-10,Fresno,27,41,11,9
2020-04-10,Glenn,0,0,0,0
2020-04-10,Humboldt,2,10,0,3
2020-04-10,Imperial,14,12,8,3
2020-04-10,Inyo,9,135,1,0
2020-04-10,Kern,33,38,15,5
2020-04-10,Kings,8,0,3,0
2020-04-10,Lake,0,1,0,0
2020-04-10,Lassen,0,2,0,0
2020-04-10,Los Angeles,1299,754,514,142
2020-04-10,Madera,0,5,0,1
2020-04-10,Marin,6,26,1,1
2020-04-10,Mariposa,0,0,0,0
2020-04-10,Mendocino,0,1,0,1
2020-04-10,Merced,0,2,0,1
2020-04-10,Modoc,0,0,0,0
2020-04-10,Mono,0,3,0,0
2020-04-10,Monterey,18,21,5,1
2020-04-10,Napa,0,7,0,4
2020-04-10,Nevada,3,3,2,1
2020-04-10,Orange,139,129,69,25
2020-04-10,Placer,16,11,9,3
2020-04-10,Plumas,0,0,0,0
2020-04-10,Riverside,206,141,57,34
2020-04-10,Sacramento,70,45,30,13
2020-04-10,San Benito,2,1,1,0
2020-04-10,San Bernardino,156,295,66,58
2020-04-10,San Diego,230,124,96,14
2020-04-10,San Francisco,85,46,32,12
2020-04-10,San Joaquin,26,17,14,5
2020-04-10,San Luis Obispo,2,3,2,3
2020-04-10,San Mateo,56,12,18,3
2020-04-10,Santa Barbara,42,13,19,1
2020-04-10,Santa Clara,151,44,67,5
2020-04-10,Santa Cruz,4,11,3,5
2020-04-10,Shasta,5,7,2,1
2020-04-10,Sierra,0,0,0,0
2020-04-10,Siskiyou,0,0,0,0
2020-04-10,Solano,18,9,9,3
2020-04-10,Sonoma,4,18,1,6
2020-04-10,Stanislaus,27,17,11,3
2020-04-10,Sutter,0,0,0,0
2020-04-10,Tehama,0,1,0,0
2020-04-10,Trinity,0,0,0,0
2020-04-10,Tulare,11,10,6,1
2020-04-10,Tuolumne,0,0,0,1
2020-04-10,Ventura,19,76,8,13
2020-04-10,Yolo,3,2,1,1
2020-04-10,Yuba,2,8,1,0
2020-04-11,Alameda,87,91,46,19
2020-04-11,Alpine,0,0,0,0
2020-04-11,Amador,0,0,0,0
2020-04-11,Butte,2,4,1,1
2020-04-11,Calaveras,0,1,0,1
2020-04-11,Colusa,0,0,0,0
2020-04-11,Contra Costa,39,38,15,15
2020-04-11,Del Norte,0,2,0,1
2020-04-11,El Dorado,17,2,0,1
2020-04-11,Fresno,28,63,11,8
2020-04-11,Glenn,0,0,0,0
2020-04-11,Humboldt,2,5,0,3
2020-04-11,Imperial,14,11,7,3
2020-04-11,Inyo,10,140,1,0
2020-04-11,Kern,32,52,17,4
2020-04-11,Kings,10,0,4,0
2020-04-11,Lake,0,0,0,0
2020-04-11,Lassen,0,4,0,0
2020-04-11,Los Angeles,1362,905,555,135
2020-04-11,Madera,0,5,0,2
2020-04-11,Marin,2,27,1,3
2020-04-11,Mariposa,0,0,0,0
2020-04-11,Mendocino,0,1,0,1
2020-04-11,Merced,0,2,0,1
2020-04-11,Modoc,0,0,0,0
2020-04-11,Mono,0,3,0,0
2020-04-11,Monterey,18,17,5,2
2020-04-11,Napa,0,0,0,0
2020-04-11,Nevada,3,3,2,1
2020-04-11,Orange,144,109,44,20
2020-04-11,Placer,20,19,7,4
2020-04-11,Plumas,0,0,0,0
2020-04-11,Riverside,232,127,57,26
2020-04-11,Sacramento,67,46,29,10
2020-04-11,San Benito,2,2,0,0
2020-04-11,San Bernardino,153,213,57,42
2020-04-11,San Diego,239,118,98,23
2020-04-11,San Francisco,82,51,28,13
2020-04-11,San Joaquin,23,14,14,5
2020-04-11,San Luis Obispo,2,10,2,5
2020-04-11,San Mateo,54,15,18,2
2020-04-11,Santa Barbara,40,16,21,4
2020-04-11,Santa Clara,146,61,66,8
2020-04-11,Santa Cruz,4,14,3,6
2020-04-11,Shasta,5,3,2,0
2020-04-11,Sierra,0,0,0,0
2020-04-11,Siskiyou,0,0,0,0
2020-04-11,Solano,13,16,9,4
2020-04-11,Sonoma,3,19,1,4
2020-04-11,Stanislaus,23,19,8,4
2020-04-11,Sutter,0,0,0,0
2020-04-11,Tehama,0,0,0,0
2020-04-11,Trinity,0,0,0,0
2020-04-11,Tulare,12,3,4,2
2020-04-11,Tuolumne,0,2,0,0
2020-04-11,Ventura,22,58,9,11
2020-04-11,Yolo,3,4,1,0
2020-04-11,Yuba,2,2,2,0
2020-04-12,Alameda,91,101,42,21
2020-04-12,Alpine,0,0,0,0
2020-04-12,Amador,0,0,0,0
2020-04-12,Butte,2,0,2,0
2020-04-12,Calaveras,0,2,0,2
2020-04-12,Colusa,0,0,0,0
2020-04-12,Contra Costa,46,32,16,3
2020-04-12,Del Norte,0,2,0,0
2020-04-12,El Dorado,19,1,0,0
2020-04-12,Fresno,23,46,11,4
2020-04-12,Glenn,0,0,0,0
2020-04-12,Humboldt,2,4,0,2
2020-04-12,Imperial,18,13,8,1
2020-04-12,Inyo,10,140,1,0
2020-04-12,Kern,31,28,18,3
2020-04-12,Kings,8,0,3,0
2020-04-12,Lake,0,0,0,0
2020-04-12,Lassen,0,4,0,0
2020-04-12,Los Angeles,1433,715,559,144
2020-04-12,Madera,0,5,0,0
2020-04-12,Marin,2,24,1,1
2020-04-12,Mariposa,0,0,0,0
2020-04-12,Mendocino,0,0,0,0
2020-04-12,Merced,0,3,0,2
2020-04-12,Modoc,0,0,0,0
2020-04-12,Mono,0,3,0,0
2020-04-12,Monterey,19,13,4,4
2020-04-12,Napa,0,0,0,33
2020-04-12,Nevada,3,1,2,2
2020-04-12,Orange,138,108,63,0
2020-04-12,Placer,19,15,6,3
2020-04-12,Plumas,0,0,0,0
2020-04-12,Riverside,245,142,69,26
2020-04-12,Sacramento,69,46,28,9
2020-04-12,San Benito,0,0,0,0
2020-04-12,San Bernardino,157,172,63,36
2020-04-12,San Diego,244,108,99,19
2020-04-12,San Francisco,92,44,30,7
2020-04-12,San Joaquin,25,21,10,6
2020-04-12,San Luis Obispo,2,8,2,4
2020-04-12,San Mateo,46,31,16,2
2020-04-12,Santa Barbara,42,7,21,1
2020-04-12,Santa Clara,145,51,66,8
2020-04-12,Santa Cruz,4,15,3,6
2020-04-12,Shasta,4,3,2,0
2020-04-12,Sierra,0,0,0,0
2020-04-12,Siskiyou,0,0,0,0
2020-04-12,Solano,13,19,7,10
2020-04-12,Sonoma,3,11,1,3
2020-04-12,Stanislaus,19,19,8,3
2020-04-12,Sutter,0,0,0,0
2020-04-12,Tehama,0,3,0,0
2020-04-12,Trinity,0,0,0,0
2020-04-12,Tulare,15,4,6,1
2020-04-12,Tuolumne,0,0,0,0
2020-04-12,Ventura,21,65,8,8
2020-04-12,Yolo,4,4,2,0
2020-04-12,Yuba,1,0,1,0
2020-04-13,Alameda,85,81,40,21
2020-04-13,Alpine,0,0,0,0
2020-04-13,Amador,0,0,0,0
2020-04-13,Butte,1,8,1,7
2020-04-13,Calaveras,0,1,0,1
2020-04-13,Colusa,0,0,0,0
2020-04-13,Contra Costa,44,44,16,5
2020-04-13,Del Norte,0,1,0,1
2020-04-13,El Dorado,19,1,0,1
2020-04-13,Fresno,22,57,12,8
2020-04-13,Glenn,0,0,0,0
2020-04-13,Humboldt,2,8,0,1
2020-04-13,Imperial,19,8,7,1
2020-04-13,Inyo,10,150,1,2
2020-04-13,Kern,39,32,18,1
2020-04-13,Kings,0,1,0,1
2020-04-13,Lake,0,2,0,1
2020-04-13,Lassen,0,4,0,0
2020-04-13,Los Angeles,1501,793,570,150
2020-04-13,Madera,0,4,0,1
2020-04-13,Marin,2,20,2,1
2020-04-13,Mariposa,0,3,0,0
2020-04-13,Mendocino,7,1,3,0
2020-04-13,Merced,0,4,0,1
2020-04-13,Modoc,0,0,0,0
2020-04-13,Mono,0,1,0,0
2020-04-13,Monterey,22,19,4,2
2020-04-13,Napa,0,1,0,0
2020-04-13,Nevada,2,2,2,2
2020-04-13,Orange,149,81,54,17
2020-04-13,Placer,18,9,5,3
2020-04-13,Plumas,0,1,0,0
2020-04-13,Riverside,247,122,66,30
2020-04-13,Sacramento,73,36,28,7
2020-04-13,San Benito,1,1,0,0
2020-04-13,San Bernardino,167,155,60,24
2020-04-13,San Diego,243,107,101,24
2020-04-13,San Francisco,89,48,30,9
2020-04-13,San Joaquin,26,16,12,8
2020-04-13,San Luis Obispo,2,5,2,2
2020-04-13,San Mateo,57,19,18,4
2020-04-13,Santa Barbara,42,7,21,2
2020-04-13,Santa Clara,151,66,65,11
2020-04-13,Santa Cruz,4,8,3,2
2020-04-13,Shasta,3,0,2,0
2020-04-13,Sierra,0,0,0,0
2020-04-13,Siskiyou,0,2,0,2
2020-04-13,Solano,13,13,7,5
2020-04-13,Sonoma,3,14,1,3
2020-04-13,Stanislaus,21,22,9,5
2020-04-13,Sutter,0,0,0,0
2020-04-13,Tehama,0,0,0,0
2020-04-13,Trinity,0,0,0,0
2020-04-13,Tulare,14,3,6,0
2020-04-13,Tuolumne,0,0,0,0
2020-04-13,Ventura,21,56,9,9
2020-04-13,Yolo,4,0,2,0
2020-04-13,Yuba,1,2,0,0
2020-04-14,Alameda,92,106,34,21
2020-04-14,Alpine,0,0,0,0
2020-04-14,Amador,0,0,0,0
2020-04-14,Butte,1,6,1,6
2020-04-14,Calaveras,0,1,0,0
2020-04-14,Colusa,0,0,0,0
2020-04-14,Contra Costa,37,51,15,9
2020-04-14,Del Norte,0,5,0,4
2020-04-14,El Dorado,20,3,0,0
2020-04-14,Fresno,24,45,12,8
2020-04-14,Glenn,0,0,0,0
2020-04-14,Humboldt,2,7,0,0
2020-04-14,Imperial,19,14,6,3
2020-04-14,Inyo,10,156,0,1
2020-04-14,Kern,35,23,17,3
2020-04-14,Kings,8,0,2,0
2020-04-14,Lake,0,3,0,0
2020-04-14,Lassen,0,6,0,0
2020-04-14,Los Angeles,1587,613,588,115
2020-04-14,Madera,0,4,0,2
2020-04-14,Marin,2,23,2,3
2020-04-14,Mariposa,0,3,0,0
2020-04-14,Mendocino,0,0,0,0
2020-04-14,Merced,0,4,0,2
2020-04-14,Modoc,0,1,0,0
2020-04-14,Mono,0,1,0,0
2020-04-14,Monterey,18,13,3,0
2020-04-14,Napa,0,0,0,0
2020-04-14,Nevada,3,4,2,1
2020-04-14,Orange,147,111,57,31
2020-04-14,Placer,17,15,5,4
2020-04-14,Plumas,0,1,0,0
2020-04-14,Riverside,235,117,64,36
2020-04-14,Sacramento,70,46,24,8
2020-04-14,San Benito,1,1,0,0
2020-04-14,San Bernardino,166,149,59,43
2020-04-14,San Diego,243,109,101,22
2020-04-14,San Francisco,87,53,28,5
2020-04-14,San Joaquin,22,10,12,1
2020-04-14,San Luis Obispo,3,15,2,6
2020-04-14,San Mateo,55,12,19,4
2020-04-14,Santa Barbara,42,8,19,1
2020-04-14,Santa Clara,144,47,66,5
2020-04-14,Santa Cruz,4,4,3,0
2020-04-14,Shasta,1,4,1,2
2020-04-14,Sierra,0,0,0,0
2020-04-14,Siskiyou,0,0,0,0
2020-04-14,Solano,12,25,6,4
2020-04-14,Sonoma,3,9,1,3
2020-04-14,Stanislaus,18,25,9,7
2020-04-14,Sutter,0,0,0,0
2020-04-14,Tehama,0,0,0,0
2020-04-14,Trinity,0,0,0,0
2020-04-14,Tulare,15,5,6,0
2020-04-14,Tuolumne,0,0,0,0
2020-04-14,Ventura,24,35,9,7
2020-04-14,Yolo,3,0,2,0
2020-04-14,Yuba,1,1,0,1
2020-04-15,Alameda,81,99,34,11
2020-04-15,Alpine,0,0,0,0
2020-04-15,Amador,0,0,0,0
2020-04-15,Butte,1,5,0,2
2020-04-15,Calaveras,0,0,0,0
2020-04-15,Colusa,0,0,0,0
2020-04-15,Contra Costa,38,41,16,8
2020-04-15,Del Norte,0,0,0,1
2020-04-15,El Dorado,0,5,0,1
2020-04-15,Fresno,25,33,12,2
2020-04-15,Glenn,0,0,0,0
2020-04-15,Humboldt,2,5,0,0
2020-04-15,Imperial,21,13,7,4
2020-04-15,Inyo,15,163,0,0
2020-04-15,Kern,40,12,16,1
2020-04-15,Kings,8,0,2,0
2020-04-15,Lake,3,3,0,2
2020-04-15,Lassen,0,6,0,0
2020-04-15,Los Angeles,1624,632,600,139
2020-04-15,Madera,1,6,0,1
2020-04-15,Marin,4,10,2,4
2020-04-15,Mariposa,0,4,0,0
2020-04-15,Mendocino,0,0,0,0
2020-04-15,Merced,0,0,0,0
2020-04-15,Modoc,0,0,0,0
2020-04-15,Mono,0,0,0,0
2020-04-15,Monterey,20,11,4,1
2020-04-15,Napa,0,0,0,0
2020-04-15,Nevada,3,4,2,1
2020-04-15,Orange,156,103,73,27
2020-04-15,Placer,13,11,2,4
2020-04-15,Plumas,0,0,0,0
2020-04-15,Riverside,207,155,70,29
2020-04-15,Sacramento,66,60,20,14
2020-04-15,San Benito,1,0,0,0
2020-04-15,San Bernardino,149,109,65,39
2020-04-15,San Diego,236,112,98,23
2020-04-15,San Francisco,87,84,25,7
2020-04-15,San Joaquin,21,21,10,3
2020-04-15,San Luis Obispo,2,6,2,4
2020-04-15,San Mateo,53,18,14,4
2020-04-15,Santa Barbara,37,7,17,2
2020-04-15,Santa Clara,144,42,65,6
2020-04-15,Santa Cruz,4,2,3,2
2020-04-15,Shasta,1,1,1,0
2020-04-15,Sierra,0,0,0,0
2020-04-15,Siskiyou,2,0,0,2
2020-04-15,Solano,9,14,6,4
2020-04-15,Sonoma,3,13,1,7
2020-04-15,Stanislaus,19,17,7,4
2020-04-15,Sutter,0,0,0,0
2020-04-15,Tehama,0,0,0,0
2020-04-15,Trinity,0,0,0,0
2020-04-15,Tulare,18,3,7,0
2020-04-15,Tuolumne,0,0,0,0
2020-04-15,Ventura,25,57,8,16
2020-04-15,Yolo,2,1,2,0
2020-04-15,Yuba,0,2,0,2
2020-04-16,Alameda,73,82,31,9
2020-04-16,Alpine,0,0,0,0
2020-04-16,Amador,0,0,0,0
2020-04-16,Butte,1,10,0,3
2020-04-16,Calaveras,0,1,0,1
2020-04-16,Colusa,0,1,0,1
2020-04-16,Contra Costa,37,59,14,13
2020-04-16,Del Norte,0,3,0,0
2020-04-16,El Dorado,0,5,0,0
2020-04-16,Fresno,33,33,12,4
2020-04-16,Glenn,0,0,0,0
2020-04-16,Humboldt,1,5,4,2
2020-04-16,Imperial,21,7,9,1
2020-04-16,Inyo,0,3,0,1
2020-04-16,Kern,41,19,17,0
2020-04-16,Kings,8,0,2,0
2020-04-16,Lake,1,0,0,0
2020-04-16,Lassen,0,5,0,0
2020-04-16,Los Angeles,1679,620,594,108
2020-04-16,Madera,0,7,0,0
2020-04-16,Marin,5,7,2,1
2020-04-16,Mariposa,0,1,0,0
2020-04-16,Mendocino,0,0,0,0
2020-04-16,Merced,1,1,0,0
2020-04-16,Modoc,0,2,0,0
2020-04-16,Mono,0,0,0,0
2020-04-16,Monterey,20,22,4,0
2020-04-16,Napa,0,0,0,0
2020-04-16,Nevada,3,3,2,2
2020-04-16,Orange,152,117,55,25
2020-04-16,Placer,12,18,1,1
2020-04-16,Plumas,0,0,0,0
2020-04-16,Riverside,216,150,72,34
2020-04-16,Sacramento,64,54,25,13
2020-04-16,San Benito,1,0,0,0
2020-04-16,San Bernardino,164,124,60,25
2020-04-16,San Diego,231,111,94,19
2020-04-16,San Francisco,84,35,31,9
2020-04-16,San Joaquin,21,16,11,2
2020-04-16,San Luis Obispo,3,11,3,0
2020-04-16,San Mateo,54,18,13,3
2020-04-16,Santa Barbara,37,4,16,0
2020-04-16,Santa Clara,134,48,69,8
2020-04-16,Santa Cruz,4,3,3,1
2020-04-16,Shasta,1,0,1,0
2020-04-16,Sierra,0,0,0,0
2020-04-16,Siskiyou,0,2,0,1
2020-04-16,Solano,9,15,6,4
2020-04-16,Sonoma,3,10,1,3
2020-04-16,Stanislaus,18,19,6,3
2020-04-16,Sutter,0,0,0,0
2020-04-16,Tehama,0,1,0,0
2020-04-16,Trinity,0,0,0,0
2020-04-16,Tulare,22,5,8,1
2020-04-16,Tuolumne,0,0,0,0
2020-04-16,Ventura,24,52,7,10
2020-04-16,Yolo,2,1,1,0
2020-04-16,Yuba,0,2,0,2
2020-04-17,Alameda,85,91,35,18
2020-04-17,Alpine,0,0,0,0
2020-04-17,Amador,0,0,0,0
2020-04-17,Butte,1,9,0,6
2020-04-17,Calaveras,0,2,0,2
2020-04-17,Colusa,0,1,0,1
2020-04-17,Contra Costa,34,46,13,11
2020-04-17,Del Norte,0,4,0,1
2020-04-17,El Dorado,0,6,0,1
2020-04-17,Fresno,31,29,12,2
2020-04-17,Glenn,0,0,0,0
2020-04-17,Humboldt,0,4,2,1
2020-04-17,Imperial,19,15,10,2
2020-04-17,Inyo,0,3,0,1
2020-04-17,Kern,36,16,18,1
2020-04-17,Kings,7,0,2,0
2020-04-17,Lake,0,6,0,1
2020-04-17,Lassen,0,5,0,0
2020-04-17,Los Angeles,1720,634,594,105
2020-04-17,Madera,0,5,0,0
2020-04-17,Marin,4,2,2,0
2020-04-17,Mariposa,0,1,0,0
2020-04-17,Mendocino,0,0,0,0
2020-04-17,Merced,0,4,0,2
2020-04-17,Modoc,0,1,0,0
2020-04-17,Mono,0,0,0,0
2020-04-17,Monterey,22,25,3,1
2020-04-17,Napa,0,1,0,0
2020-04-17,Nevada,2,4,1,3
2020-04-17,Orange,160,124,58,15
2020-04-17,Placer,12,17,1,2
2020-04-17,Plumas,0,1,0,0
2020-04-17,Riverside,215,144,69,23
2020-04-17,Sacramento,63,46,24,18
2020-04-17,San Benito,1,0,0,0
2020-04-17,San Bernardino,165,123,62,29
2020-04-17,San Diego,232,111,92,21
2020-04-17,San Francisco,79,36,28,8
2020-04-17,San Joaquin,23,23,10,3
2020-04-17,San Luis Obispo,3,11,3,2
2020-04-17,San Mateo,51,16,16,1
2020-04-17,Santa Barbara,36,6,16,0
2020-04-17,Santa Clara,140,60,71,11
2020-04-17,Santa Cruz,2,3,1,2
2020-04-17,Shasta,1,0,1,0
2020-04-17,Sierra,0,0,0,0
2020-04-17,Siskiyou,0,3,0,0
2020-04-17,Solano,10,11,5,1
2020-04-17,Sonoma,2,6,1,3
2020-04-17,Stanislaus,15,17,7,2
2020-04-17,Sutter,0,0,0,0
2020-04-17,Tehama,0,0,0,0
2020-04-17,Trinity,0,0,0,0
2020-04-17,Tulare,23,5,7,1
2020-04-17,Tuolumne,0,0,0,0
2020-04-17,Ventura,23,33,8,11
2020-04-17,Yolo,4,0,1,0
2020-04-17,Yuba,0,5,0,4
2020-04-18,Alameda,82,73,36,16
2020-04-18,Alpine,0,0,0,0
2020-04-18,Amador,0,0,0,0
2020-04-18,Butte,1,4,0,2
2020-04-18,Calaveras,0,0,0,0
2020-04-18,Colusa,0,0,0,0
2020-04-18,Contra Costa,35,44,13,8
2020-04-18,Del Norte,0,2,0,1
2020-04-18,El Dorado,0,8,0,2
2020-04-18,Fresno,32,35,13,2
2020-04-18,Glenn,0,0,0,0
2020-04-18,Humboldt,0,4,0,0
2020-04-18,Imperial,21,12,9,4
2020-04-18,Inyo,1,1,1,0
2020-04-18,Kern,33,14,18,2
2020-04-18,Kings,8,0,2,0
2020-04-18,Lake,0,0,0,0
2020-04-18,Lassen,0,1,0,0
2020-04-18,Los Angeles,1709,578,586,110
2020-04-18,Madera,0,7,0,0
2020-04-18,Marin,3,1,1,0
2020-04-18,Mariposa,0,0,0,0
2020-04-18,Mendocino,0,0,0,0
2020-04-18,Merced,0,3,0,0
2020-04-18,Modoc,0,1,0,0
2020-04-18,Mono,0,0,0,0
2020-04-18,Monterey,26,21,2,0
2020-04-18,Napa,0,0,0,0
2020-04-18,Nevada,4,5,1,4
2020-04-18,Orange,157,120,64,23
2020-04-18,Placer,11,17,1,2
2020-04-18,Plumas,0,1,0,0
2020-04-18,Riverside,223,118,71,19
2020-04-18,Sacramento,65,46,22,17
2020-04-18,San Benito,0,0,0,0
2020-04-18,San Bernardino,161,108,61,22
2020-04-18,San Diego,223,97,90,18
2020-04-18,San Francisco,74,29,27,7
2020-04-18,San Joaquin,23,27,11,4
2020-04-18,San Luis Obispo,3,12,3,2
2020-04-18,San Mateo,49,12,16,0
2020-04-18,Santa Barbara,31,9,15,4
2020-04-18,Santa Clara,137,52,67,13
2020-04-18,Santa Cruz,2,2,1,1
2020-04-18,Shasta,1,1,1,0
2020-04-18,Sierra,0,0,0,0
2020-04-18,Siskiyou,0,1,0,1
2020-04-18,Solano,9,11,6,1
2020-04-18,Sonoma,2,4,1,1
2020-04-18,Stanislaus,14,23,5,1
2020-04-18,Sutter,0,0,0,0
2020-04-18,Tehama,0,0,0,0
2020-04-18,Trinity,0,0,0,0
2020-04-18,Tulare,27,0,9,0
2020-04-18,Tuolumne,0,0,0,0
2020-04-18,Ventura,25,28,9,5
2020-04-18,Yolo,4,0,1,0
2020-04-18,Yuba,0,3,0,2
2020-04-19,Alameda,84,63,37,5
2020-04-19,Alpine,0,0,0,0
2020-04-19,Amador,0,0,0,0
2020-04-19,Butte,1,3,0,1
2020-04-19,Calaveras,0,0,0,0
2020-04-19,Colusa,1,0,0,0
2020-04-19,Contra Costa,34,40,14,7
2020-04-19,Del Norte,0,0,0,0
2020-04-19,El Dorado,0,11,0,3
2020-04-19,Fresno,32,35,14,2
2020-04-19,Glenn,0,0,0,0
2020-04-19,Humboldt,0,3,0,0
2020-04-19,Imperial,25,8,11,2
2020-04-19,Inyo,1,0,1,0
2020-04-19,Kern,34,20,18,2
2020-04-19,Kings,8,0,3,0
2020-04-19,Lake,0,2,0,0
2020-04-19,Lassen,0,1,0,0
2020-04-19,Los Angeles,1739,549,595,115
2020-04-19,Madera,0,7,0,0
2020-04-19,Marin,3,7,1,3
2020-04-19,Mariposa,0,0,0,0
2020-04-19,Mendocino,0,0,0,0
2020-04-19,Merced,0,2,0,1
2020-04-19,Modoc,0,0,0,0
2020-04-19,Mono,0,0,0,0
2020-04-19,Monterey,25,6,2,0
2020-04-19,Napa,0,3,0,0
2020-04-19,Nevada,1,4,1,4
2020-04-19,Orange,162,130,73,24
2020-04-19,Placer,11,12,1,5
2020-04-19,Plumas,0,0,0,0
2020-04-19,Riverside,236,113,76,22
2020-04-19,Sacramento,65,39,22,11
2020-04-19,San Benito,0,0,0,0
2020-04-19,San Bernardino,158,97,62,17
2020-04-19,San Diego,226,94,92,26
2020-04-19,San Francisco,73,34,27,10
2020-04-19,San Joaquin,23,16,12,2
2020-04-19,San Luis Obispo,2,7,2,1
2020-04-19,San Mateo,53,6,18,0
2020-04-19,Santa Barbara,29,7,16,1
2020-04-19,Santa Clara,143,32,67,5
2020-04-19,Santa Cruz,2,3,1,0
2020-04-19,Shasta,1,0,1,0
2020-04-19,Sierra,0,0,0,0
2020-04-19,Siskiyou,0,1,0,1
2020-04-19,Solano,11,10,6,3
2020-04-19,Sonoma,2,8,0,2
2020-04-19,Stanislaus,13,16,5,3
2020-04-19,Sutter,0,0,0,0
2020-04-19,Tehama,0,0,0,0
2020-04-19,Trinity,0,0,0,0
2020-04-19,Tulare,27,0,9,0
2020-04-19,Tuolumne,0,0,0,0
2020-04-19,Ventura,26,26,9,4
2020-04-19,Yolo,6,0,0,0
2020-04-19,Yuba,0,2,0,2
2020-04-20,Alameda,85,52,38,4
2020-04-20,Alpine,0,0,0,0
2020-04-20,Amador,0,0,0,0
2020-04-20,Butte,1,2,0,1
2020-04-20,Calaveras,0,1,0,0
2020-04-20,Colusa,1,0,0,0
2020-04-20,Contra Costa,37,28,13,8
2020-04-20,Del Norte,0,2,0,1
2020-04-20,El Dorado,0,4,0,0
2020-04-20,Fresno,35,30,15,1
2020-04-20,Glenn,0,0,0,0
2020-04-20,Humboldt,0,6,0,0
2020-04-20,Imperial,25,9,11,2
2020-04-20,Inyo,1,0,1,0
2020-04-20,Kern,34,11,13,1
2020-04-20,Kings,8,0,3,0
2020-04-20,Lake,0,2,0,1
2020-04-20,Lassen,0,1,0,0
2020-04-20,Los Angeles,1791,602,625,93
2020-04-20,Madera,0,6,0,0
2020-04-20,Marin,6,4,2,1
2020-04-20,Mariposa,0,1,0,0
2020-04-20,Mendocino,0,0,0,0
2020-04-20,Merced,0,1,0,1
2020-04-20,Modoc,0,0,0,0
2020-04-20,Mono,0,0,0,0
2020-04-20,Monterey,24,7,2,1
2020-04-20,Napa,1,2,1,0
2020-04-20,Nevada,1,5,1,2
2020-04-20,Orange,172,102,73,21
2020-04-20,Placer,8,7,2,1
2020-04-20,Plumas,0,0,0,0
2020-04-20,Riverside,240,145,72,29
2020-04-20,Sacramento,69,32,33,8
2020-04-20,San Benito,0,0,0,0
2020-04-20,San Bernardino,152,200,60,28
2020-04-20,San Diego,238,76,95,13
2020-04-20,San Francisco,79,27,27,7
2020-04-20,San Joaquin,30,23,16,4
2020-04-20,San Luis Obispo,2,3,2,0
2020-04-20,San Mateo,56,16,18,4
2020-04-20,Santa Barbara,30,9,20,2
2020-04-20,Santa Clara,149,42,68,8
2020-04-20,Santa Cruz,3,1,1,0
2020-04-20,Shasta,1,0,1,0
2020-04-20,Sierra,0,0,0,0
2020-04-20,Siskiyou,0,1,0,1
2020-04-20,Solano,10,11,6,3
2020-04-20,Sonoma,2,12,0,6
2020-04-20,Stanislaus,13,18,5,6
2020-04-20,Sutter,0,0,0,0
2020-04-20,Tehama,0,0,0,0
2020-04-20,Trinity,0,0,0,0
2020-04-20,Tulare,27,0,9,0
2020-04-20,Tuolumne,0,0,0,0
2020-04-20,Ventura,29,18,8,2
2020-04-20,Yolo,5,1,0,0
2020-04-20,Yuba,0,1,0,1
2020-04-21,Alameda,85,59,41,9
2020-04-21,Alpine,0,0,0,0
2020-04-21,Amador,0,0,0,0
2020-04-21,Butte,0,1,0,1
2020-04-21,Calaveras,0,0,0,0
2020-04-21,Colusa,1,0,1,0
2020-04-21,Contra Costa,33,44,13,11
2020-04-21,Del Norte,0,1,0,0
2020-04-21,El Dorado,0,3,0,0
2020-04-21,Fresno,35,35,15,3
2020-04-21,Glenn,0,0,0,0
2020-04-21,Humboldt,0,5,0,0
2020-04-21,Imperial,23,12,12,0
2020-04-21,Inyo,1,0,1,0
2020-04-21,Kern,31,12,13,1
2020-04-21,Kings,8,0,3,0
2020-04-21,Lake,0,2,0,0
2020-04-21,Lassen,0,1,0,0
2020-04-21,Los Angeles,1854,617,613,111
2020-04-21,Madera,0,5,0,0
2020-04-21,Marin,5,4,2,1
2020-04-21,Mariposa,0,1,0,0
2020-04-21,Mendocino,0,1,0,0
2020-04-21,Merced,0,3,0,2
2020-04-21,Modoc,0,1,0,0
2020-04-21,Mono,0,0,0,0
2020-04-21,Monterey,7,4,2,1
2020-04-21,Napa,1,1,1,0
2020-04-21,Nevada,1,4,1,2
2020-04-21,Orange,179,129,77,27
2020-04-21,Placer,4,18,2,2
2020-04-21,Plumas,0,0,0,0
2020-04-21,Riverside,250,120,81,32
2020-04-21,Sacramento,54,39,21,8
2020-04-21,San Benito,1,0,0,0
2020-04-21,San Bernardino,153,204,51,36
2020-04-21,San Diego,221,84,98,21
2020-04-21,San Francisco,76,45,25,9
2020-04-21,San Joaquin,27,24,16,5
2020-04-21,San Luis Obispo,1,5,1,3
2020-04-21,San Mateo,53,14,19,2
2020-04-21,Santa Barbara,26,8,13,5
2020-04-21,Santa Clara,144,34,70,16
2020-04-21,Santa Cruz,3,2,1,0
2020-04-21,Shasta,1,0,1,0
2020-04-21,Sierra,0,0,0,0
2020-04-21,Siskiyou,0,1,0,1
2020-04-21,Solano,6,17,2,0
2020-04-21,Sonoma,2,17,0,6
2020-04-21,Stanislaus,11,20,4,7
2020-04-21,Sutter,0,0,0,0
2020-04-21,Tehama,0,0,0,0
2020-04-21,Trinity,0,0,0,0
2020-04-21,Tulare,27,0,9,0
2020-04-21,Tuolumne,0,0,0,0
2020-04-21,Ventura,28,28,9,10
2020-04-21,Yolo,5,2,1,0
2020-04-21,Yuba,0,0,0,0
2020-04-22,Alameda,84,61,38,17
2020-04-22,Alpine,0,0,0,0
2020-04-22,Amador,0,1,0,0
2020-04-22,Butte,0,0,0,1
2020-04-22,Calaveras,0,0,0,0
2020-04-22,Colusa,1,0,1,0
2020-04-22,Contra Costa,32,52,13,14
2020-04-22,Del Norte,0,2,0,1
2020-04-22,El Dorado,0,5,0,1
2020-04-22,Fresno,36,43,14,4
2020-04-22,Glenn,0,0,0,0
2020-04-22,Humboldt,0,8,0,1
2020-04-22,Imperial,26,8,12,0
2020-04-22,Inyo,1,0,1,0
2020-04-22,Kern,32,25,14,1
2020-04-22,Kings,9,0,3,0
2020-04-22,Lake,0,3,0,1
2020-04-22,Lassen,0,1,0,0
2020-04-22,Los Angeles,1858,590,602,125
2020-04-22,Madera,0,3,0,0
2020-04-22,Marin,5,10,2,5
2020-04-22,Mariposa,0,0,0,0
2020-04-22,Mendocino,0,0,0,0
2020-04-22,Merced,3,3,0,0
2020-04-22,Modoc,0,0,0,0
2020-04-22,Mono,0,0,0,0
2020-04-22,Monterey,6,3,2,1
2020-04-22,Napa,1,2,1,0
2020-04-22,Nevada,1,0,1,0
2020-04-22,Orange,172,111,73,21
2020-04-22,Placer,5,20,1,1
2020-04-22,Plumas,0,0,0,0
2020-04-22,Riverside,229,127,84,25
2020-04-22,Sacramento,47,23,18,5
2020-04-22,San Benito,0,0,0,0
2020-04-22,San Bernardino,149,201,54,32
2020-04-22,San Diego,241,77,104,21
2020-04-22,San Francisco,75,17,28,3
2020-04-22,San Joaquin,29,28,14,4
2020-04-22,San Luis Obispo,1,7,1,3
2020-04-22,San Mateo,50,17,15,2
2020-04-22,Santa Barbara,25,9,13,3
2020-04-22,Santa Clara,137,39,68,9
2020-04-22,Santa Cruz,3,4,1,1
2020-04-22,Shasta,1,0,1,0
2020-04-22,Sierra,0,0,0,0
2020-04-22,Siskiyou,0,1,0,1
2020-04-22,Solano,10,18,2,2
2020-04-22,Sonoma,3,16,0,7
2020-04-22,Stanislaus,13,20,5,6
2020-04-22,Sutter,0,0,0,0
2020-04-22,Tehama,0,0,0,0
2020-04-22,Trinity,0,0,0,0
2020-04-22,Tulare,27,0,9,0
2020-04-22,Tuolumne,0,1,0,0
2020-04-22,Ventura,27,30,8,9
2020-04-22,Yolo,4,0,1,0
2020-04-22,Yuba,0,0,0,0
2020-04-23,Alameda,81,90,37,24
2020-04-23,Alpine,0,0,0,0
2020-04-23,Amador,0,1,0,0
2020-04-23,Butte,0,0,0,1
2020-04-23,Calaveras,0,1,0,1
2020-04-23,Colusa,1,0,1,0
2020-04-23,Contra Costa,31,51,13,13
2020-04-23,Del Norte,0,6,0,3
2020-04-23,El Dorado,0,8,0,1
2020-04-23,Fresno,39,39,16,4
2020-04-23,Glenn,0,0,0,0
2020-04-23,Humboldt,0,7,0,1
2020-04-23,Imperial,23,4,9,0
2020-04-23,Inyo,1,0,1,0
2020-04-23,Kern,30,11,16,1
2020-04-23,Kings,9,0,3,0
2020-04-23,Lake,0,1,0,0
2020-04-23,Lassen,0,0,0,0
2020-04-23,Los Angeles,1863,595,600,118
2020-04-23,Madera,0,3,0,1
2020-04-23,Marin,3,14,2,4
2020-04-23,Mariposa,0,1,0,0
2020-04-23,Mendocino,0,1,0,1
2020-04-23,Merced,0,2,0,0
2020-04-23,Modoc,0,0,0,0
2020-04-23,Mono,0,0,0,0
2020-04-23,Monterey,6,6,4,1
2020-04-23,Napa,1,1,1,0
2020-04-23,Nevada,1,3,0,1
2020-04-23,Orange,170,143,75,25
2020-04-23,Placer,4,21,1,1
2020-04-23,Plumas,0,0,0,0
2020-04-23,Riverside,222,118,83,24
2020-04-23,Sacramento,48,40,17,7
2020-04-23,San Benito,0,0,0,0
2020-04-23,San Bernardino,146,94,54,19
2020-04-23,San Diego,253,65,105,12
2020-04-23,San Francisco,75,29,31,6
2020-04-23,San Joaquin,31,34,15,6
2020-04-23,San Luis Obispo,1,4,1,1
2020-04-23,San Mateo,53,19,16,1
2020-04-23,Santa Barbara,24,16,13,4
2020-04-23,Santa Clara,137,28,67,5
2020-04-23,Santa Cruz,3,3,1,0
2020-04-23,Shasta,1,0,1,0
2020-04-23,Sierra,0,0,0,0
2020-04-23,Siskiyou,0,1,0,1
2020-04-23,Solano,11,15,5,4
2020-04-23,Sonoma,3,17,0,5
2020-04-23,Stanislaus,14,17,6,2
2020-04-23,Sutter,0,0,0,0
2020-04-23,Tehama,0,0,0,0
2020-04-23,Trinity,0,0,0,0
2020-04-23,Tulare,30,1,11,0
2020-04-23,Tuolumne,0,0,0,0
2020-04-23,Ventura,25,24,10,5
2020-04-23,Yolo,4,0,1,0
2020-04-23,Yuba,0,2,0,2
2020-04-24,Alameda,79,63,39,10
2020-04-24,Alpine,0,0,0,0
2020-04-24,Amador,0,1,0,0
2020-04-24,Butte,0,4,0,3
2020-04-24,Calaveras,0,2,0,1
2020-04-24,Colusa,1,0,1,0
2020-04-24,Contra Costa,29,54,12,11
2020-04-24,Del Norte,0,4,0,0
2020-04-24,El Dorado,0,7,0,3
2020-04-24,Fresno,41,37,19,1
2020-04-24,Glenn,0,0,0,0
2020-04-24,Humboldt,1,4,0,1
2020-04-24,Imperial,24,10,8,1
2020-04-24,Inyo,1,3,1,0
2020-04-24,Kern,30,17,16,1
2020-04-24,Kings,9,0,2,0
2020-04-24,Lake,0,1,0,1
2020-04-24,Lassen,0,0,0,0
2020-04-24,Los Angeles,1860,546,600,87
2020-04-24,Madera,0,4,0,0
2020-04-24,Marin,2,11,2,2
2020-04-24,Mariposa,0,0,0,0
2020-04-24,Mendocino,0,1,0,0
2020-04-24,Merced,0,5,0,1
2020-04-24,Modoc,0,0,0,0
2020-04-24,Mono,0,0,0,0
2020-04-24,Monterey,5,8,4,1
2020-04-24,Napa,1,0,1,0
2020-04-24,Nevada,1,4,0,2
2020-04-24,Orange,175,138,68,24
2020-04-24,Placer,4,18,0,2
2020-04-24,Plumas,0,0,0,0
2020-04-24,Riverside,223,120,82,26
2020-04-24,Sacramento,53,37,17,11
2020-04-24,San Benito,0,0,0,0
2020-04-24,San Bernardino,152,101,57,16
2020-04-24,San Diego,257,78,107,13
2020-04-24,San Francisco,75,19,30,5
2020-04-24,San Joaquin,29,20,12,4
2020-04-24,San Luis Obispo,1,8,1,5
2020-04-24,San Mateo,49,16,16,4
2020-04-24,Santa Barbara,21,11,12,5
2020-04-24,Santa Clara,129,34,60,5
2020-04-24,Santa Cruz,4,1,2,0
2020-04-24,Shasta,1,0,1,0
2020-04-24,Sierra,0,0,0,0
2020-04-24,Siskiyou,0,0,0,0
2020-04-24,Solano,10,16,4,3
2020-04-24,Sonoma,3,20,0,3
2020-04-24,Stanislaus,12,15,6,2
2020-04-24,Sutter,0,0,0,0
2020-04-24,Tehama,0,1,0,1
2020-04-24,Trinity,0,0,0,0
2020-04-24,Tulare,33,0,11,0
2020-04-24,Tuolumne,0,0,0,0
2020-04-24,Ventura,24,63,6,3
2020-04-24,Yolo,4,0,1,0
2020-04-24,Yuba,0,2,0,2
2020-04-25,Alameda,83,53,39,6
2020-04-25,Alpine,0,0,0,0
2020-04-25,Amador,0,1,0,1
2020-04-25,Butte,0,3,0,0
2020-04-25,Calaveras,0,1,0,0
2020-04-25,Colusa,1,1,1,1
2020-04-25,Contra Costa,25,53,10,6
2020-04-25,Del Norte,0,4,0,0
2020-04-25,El Dorado,1,7,0,2
2020-04-25,Fresno,41,45,19,2
2020-04-25,Glenn,0,0,0,0
2020-04-25,Humboldt,0,3,0,0
2020-04-25,Imperial,24,8,8,1
2020-04-25,Inyo,0,3,0,0
2020-04-25,Kern,29,18,22,3
2020-04-25,Kings,6,0,2,0
2020-04-25,Lake,0,2,0,0
2020-04-25,Lassen,0,0,0,0
2020-04-25,Los Angeles,1845,572,579,99
2020-04-25,Madera,0,2,0,1
2020-04-25,Marin,2,13,2,3
2020-04-25,Mariposa,0,0,0,0
2020-04-25,Mendocino,0,0,0,0
2020-04-25,Merced,0,3,0,1
2020-04-25,Modoc,0,0,0,0
2020-04-25,Mono,0,0,0,0
2020-04-25,Monterey,5,9,3,0
2020-04-25,Napa,1,1,1,1
2020-04-25,Nevada,1,3,0,2
2020-04-25,Orange,177,133,74,21
2020-04-25,Placer,4,30,0,3
2020-04-25,Plumas,0,0,0,0
2020-04-25,Riverside,218,138,81,30
2020-04-25,Sacramento,53,46,20,14
2020-04-25,San Benito,0,0,0,0
2020-04-25,San Bernardino,147,101,53,14
2020-04-25,San Diego,268,96,110,19
2020-04-25,San Francisco,73,18,29,3
2020-04-25,San Joaquin,27,20,12,5
2020-04-25,San Luis Obispo,1,4,1,1
2020-04-25,San Mateo,47,27,15,11
2020-04-25,Santa Barbara,23,12,16,4
2020-04-25,Santa Clara,125,47,62,15
2020-04-25,Santa Cruz,4,4,2,3
2020-04-25,Shasta,1,0,1,0
2020-04-25,Sierra,0,0,0,0
2020-04-25,Siskiyou,0,1,0,0
2020-04-25,Solano,10,16,3,4
2020-04-25,Sonoma,3,9,0,0
2020-04-25,Stanislaus,21,23,5,1
2020-04-25,Sutter,0,0,0,0
2020-04-25,Tehama,0,1,0,1
2020-04-25,Trinity,0,0,0,0
2020-04-25,Tulare,26,0,7,0
2020-04-25,Tuolumne,0,0,0,0
2020-04-25,Ventura,27,71,6,9
2020-04-25,Yolo,5,0,1,0
2020-04-25,Yuba,0,2,0,2
2020-04-26,Alameda,84,43,42,5
2020-04-26,Alpine,0,0,0,0
2020-04-26,Amador,0,0,0,0
2020-04-26,Butte,0,0,0,0
2020-04-26,Calaveras,0,0,0,0
2020-04-26,Colusa,1,1,1,1
2020-04-26,Contra Costa,27,42,9,9
2020-04-26,Del Norte,0,2,0,1
2020-04-26,El Dorado,1,8,0,3
2020-04-26,Fresno,37,44,18,9
2020-04-26,Glenn,0,0,0,0
2020-04-26,Humboldt,0,0,0,0
2020-04-26,Imperial,26,12,8,2
2020-04-26,Inyo,0,0,0,0
2020-04-26,Kern,29,15,23,0
2020-04-26,Kings,9,0,2,0
2020-04-26,Lake,0,1,0,0
2020-04-26,Lassen,0,0,0,0
2020-04-26,Los Angeles,1887,575,588,122
2020-04-26,Madera,0,1,0,0
2020-04-26,Marin,3,7,2,3
2020-04-26,Mariposa,0,0,0,0
2020-04-26,Mendocino,0,0,0,0
2020-04-26,Merced,0,4,0,2
2020-04-26,Modoc,0,0,0,0
2020-04-26,Mono,0,0,0,0
2020-04-26,Monterey,5,5,3,2
2020-04-26,Napa,1,0,1,0
2020-04-26,Nevada,1,2,0,2
2020-04-26,Orange,180,109,73,23
2020-04-26,Placer,4,21,1,5
2020-04-26,Plumas,0,0,0,0
2020-04-26,Riverside,215,152,75,35
2020-04-26,Sacramento,48,40,16,6
2020-04-26,San Benito,0,0,0,0
2020-04-26,San Bernardino,146,83,50,20
2020-04-26,San Diego,273,90,114,21
2020-04-26,San Francisco,79,21,31,3
2020-04-26,San Joaquin,24,19,9,4
2020-04-26,San Luis Obispo,1,3,1,2
2020-04-26,San Mateo,53,10,18,2
2020-04-26,Santa Barbara,24,13,12,4
2020-04-26,Santa Clara,118,64,60,17
2020-04-26,Santa Cruz,4,1,2,0
2020-04-26,Shasta,1,0,1,0
2020-04-26,Sierra,0,0,0,0
2020-04-26,Siskiyou,0,0,0,0
2020-04-26,Solano,8,14,3,1
2020-04-26,Sonoma,1,9,0,1
2020-04-26,Stanislaus,28,19,7,4
2020-04-26,Sutter,0,0,0,0
2020-04-26,Tehama,0,0,0,0
2020-04-26,Trinity,0,0,0,0
2020-04-26,Tulare,26,0,8,0
2020-04-26,Tuolumne,0,0,0,0
2020-04-26,Ventura,27,73,6,3
2020-04-26,Yolo,1,1,1,1
2020-04-26,Yuba,0,2,0,1
2020-04-27,Alameda,81,47,39,8
2020-04-27,Alpine,0,0,0,0
2020-04-27,Amador,0,0,0,0
2020-04-27,Butte,0,0,0,0
2020-04-27,Calaveras,0,1,0,0
2020-04-27,Colusa,1,1,1,1
2020-04-27,Contra Costa,24,44,10,11
2020-04-27,Del Norte,0,5,0,2
2020-04-27,El Dorado,1,7,0,2
2020-04-27,Fresno,39,52,17,3
2020-04-27,Glenn,0,0,0,0
2020-04-27,Humboldt,0,3,0,0
2020-04-27,Imperial,27,7,11,1
2020-04-27,Inyo,0,0,0,0
2020-04-27,Kern,31,19,23,2
2020-04-27,Kings,9,2,2,0
2020-04-27,Lake,0,1,0,1
2020-04-27,Lassen,0,0,0,0
2020-04-27,Los Angeles,1940,609,592,117
2020-04-27,Madera,0,0,0,0
2020-04-27,Marin,2,6,1,0
2020-04-27,Mariposa,0,1,0,0
2020-04-27,Mendocino,0,1,0,1
2020-04-27,Merced,1,3,0,0
2020-04-27,Modoc,0,0,0,0
2020-04-27,Mono,0,0,0,0
2020-04-27,Monterey,4,2,2,1
2020-04-27,Napa,1,0,1,0
2020-04-27,Nevada,1,1,0,1
2020-04-27,Orange,189,113,76,23
2020-04-27,Placer,5,17,1,3
2020-04-27,Plumas,0,0,0,0
2020-04-27,Riverside,220,118,73,25
2020-04-27,Sacramento,46,42,16,13
2020-04-27,San Benito,0,0,0,0
2020-04-27,San Bernardino,154,83,49,18
2020-04-27,San Diego,277,59,115,15
2020-04-27,San Francisco,82,19,29,3
2020-04-27,San Joaquin,24,23,10,6
2020-04-27,San Luis Obispo,3,6,2,2
2020-04-27,San Mateo,52,28,16,4
2020-04-27,Santa Barbara,26,13,12,3
2020-04-27,Santa Clara,115,49,56,10
2020-04-27,Santa Cruz,2,1,1,0
2020-04-27,Shasta,1,1,1,0
2020-04-27,Sierra,0,0,0,0
2020-04-27,Siskiyou,0,1,0,1
2020-04-27,Solano,8,16,4,3
2020-04-27,Sonoma,2,11,0,2
2020-04-27,Stanislaus,30,36,8,8
2020-04-27,Sutter,0,0,0,0
2020-04-27,Tehama,0,0,0,0
2020-04-27,Trinity,0,0,0,0
2020-04-27,Tulare,29,0,7,0
2020-04-27,Tuolumne,0,1,0,1
2020-04-27,Ventura,28,75,6,10
2020-04-27,Yolo,0,1,0,0
2020-04-27,Yuba,0,3,0,3
2020-04-28,Alameda,76,64,37,13
2020-04-28,Alpine,0,0,0,0
2020-04-28,Amador,0,0,0,0
2020-04-28,Butte,0,1,0,0
2020-04-28,Calaveras,0,1,0,0
2020-04-28,Colusa,1,0,1,0
2020-04-28,Contra Costa,27,43,11,12
2020-04-28,Del Norte,0,5,0,1
2020-04-28,El Dorado,1,7,0,2
2020-04-28,Fresno,39,44,14,7
2020-04-28,Glenn,0,0,0,0
2020-04-28,Humboldt,0,6,0,1
2020-04-28,Imperial,29,4,12,1
2020-04-28,Inyo,0,0,0,0
2020-04-28,Kern,32,13,22,3
2020-04-28,Kings,9,2,2,0
2020-04-28,Lake,0,2,0,1
2020-04-28,Lassen,0,0,0,0
2020-04-28,Los Angeles,1962,581,597,130
2020-04-28,Madera,0,1,0,0
2020-04-28,Marin,1,7,1,1
2020-04-28,Mariposa,0,1,0,0
2020-04-28,Mendocino,0,0,0,0
2020-04-28,Merced,2,6,1,1
2020-04-28,Modoc,0,1,0,0
2020-04-28,Mono,0,0,0,0
2020-04-28,Monterey,2,7,2,2
2020-04-28,Napa,1,0,0,0
2020-04-28,Nevada,1,2,1,1
2020-04-28,Orange,203,84,75,25
2020-04-28,Placer,5,21,1,2
2020-04-28,Plumas,0,0,0,0
2020-04-28,Riverside,215,112,78,20
2020-04-28,Sacramento,43,33,16,9
2020-04-28,San Benito,0,0,0,0
2020-04-28,San Bernardino,156,123,51,31
2020-04-28,San Diego,276,105,112,18
2020-04-28,San Francisco,81,23,27,9
2020-04-28,San Joaquin,24,16,10,6
2020-04-28,San Luis Obispo,3,3,3,1
2020-04-28,San Mateo,50,13,17,0
2020-04-28,Santa Barbara,27,16,12,4
2020-04-28,Santa Clara,116,34,51,5
2020-04-28,Santa Cruz,2,0,1,0
2020-04-28,Shasta,2,1,2,0
2020-04-28,Sierra,0,0,0,0
2020-04-28,Siskiyou,0,2,0,1
2020-04-28,Solano,12,16,5,0
2020-04-28,Sonoma,3,11,0,4
2020-04-28,Stanislaus,31,30,7,2
2020-04-28,Sutter,0,0,0,0
2020-04-28,Tehama,0,0,0,0
2020-04-28,Trinity,0,0,0,0
2020-04-28,Tulare,32,2,6,0
2020-04-28,Tuolumne,0,0,0,0
2020-04-28,Ventura,31,71,11,11
2020-04-28,Yolo,0,0,0,1
2020-04-28,Yuba,0,2,0,1
2020-04-29,Alameda,76,63,33,13
2020-04-29,Alpine,0,0,0,0
2020-04-29,Amador,0,0,0,0
2020-04-29,Butte,0,2,0,1
2020-04-29,Calaveras,0,0,0,0
2020-04-29,Colusa,1,0,1,0
2020-04-29,Contra Costa,24,50,9,14
2020-04-29,Del Norte,0,3,0,1
2020-04-29,El Dorado,0,4,0,2
2020-04-29,Fresno,38,48,16,8
2020-04-29,Glenn,0,0,0,0
2020-04-29,Humboldt,1,5,0,3
2020-04-29,Imperial,29,5,13,0
2020-04-29,Inyo,0,0,0,0
2020-04-29,Kern,36,13,23,3
2020-04-29,Kings,9,2,2,0
2020-04-29,Lake,0,2,0,1
2020-04-29,Lassen,0,0,0,0
2020-04-29,Los Angeles,1959,591,602,97
2020-04-29,Madera,0,1,1,0
2020-04-29,Marin,0,6,0,1
2020-04-29,Mariposa,0,1,0,0
2020-04-29,Mendocino,0,0,0,0
2020-04-29,Merced,2,7,0,1
2020-04-29,Modoc,0,0,0,0
2020-04-29,Mono,0,0,0,0
2020-04-29,Monterey,4,3,3,0
2020-04-29,Napa,1,0,0,0
2020-04-29,Nevada,1,2,1,1
2020-04-29,Orange,211,91,76,16
2020-04-29,Placer,5,28,1,3
2020-04-29,Plumas,0,0,0,0
2020-04-29,Riverside,212,124,78,32
2020-04-29,Sacramento,42,36,17,5
2020-04-29,San Benito,0,0,0,0
2020-04-29,San Bernardino,156,124,56,23
2020-04-29,San Diego,282,73,119,17
2020-04-29,San Francisco,80,24,26,6
2020-04-29,San Joaquin,21,20,9,7
2020-04-29,San Luis Obispo,3,2,3,0
2020-04-29,San Mateo,51,19,16,1
2020-04-29,Santa Barbara,28,14,12,2
2020-04-29,Santa Clara,110,34,46,2
2020-04-29,Santa Cruz,2,0,1,0
2020-04-29,Shasta,2,0,2,0
2020-04-29,Sierra,0,0,0,0
2020-04-29,Siskiyou,0,3,0,1
2020-04-29,Solano,10,18,5,5
2020-04-29,Sonoma,5,14,2,2
2020-04-29,Stanislaus,35,26,4,5
2020-04-29,Sutter,0,0,0,0
2020-04-29,Tehama,0,0,0,0
2020-04-29,Trinity,0,0,0,0
2020-04-29,Tulare,30,0,5,0
2020-04-29,Tuolumne,0,0,0,0
2020-04-29,Ventura,31,26,10,7
2020-04-29,Yolo,0,0,0,1
2020-04-29,Yuba,0,0,0,0
2020-04-30,Alameda,74,52,34,12
2020-04-30,Alpine,0,0,0,0
2020-04-30,Amador,0,0,0,0
2020-04-30,Butte,0,0,0,0
2020-04-30,Calaveras,0,0,0,0
2020-04-30,Colusa,1,0,1,0
2020-04-30,Contra Costa,24,43,9,6
2020-04-30,Del Norte,0,4,0,2
2020-04-30,El Dorado,0,6,0,1
2020-04-30,Fresno,41,37,15,4
2020-04-30,Glenn,0,0,0,0
2020-04-30,Humboldt,0,7,0,2
2020-04-30,Imperial,29,3,13,0
2020-04-30,Inyo,0,0,0,0
2020-04-30,Kern,29,25,20,0
2020-04-30,Kings,10,0,2,0
2020-04-30,Lake,0,2,0,0
2020-04-30,Lassen,0,0,0,0
2020-04-30,Los Angeles,1894,470,591,93
2020-04-30,Madera,0,3,0,0
2020-04-30,Marin,0,3,0,0
2020-04-30,Mariposa,0,2,0,0
2020-04-30,Mendocino,0,0,0,0
2020-04-30,Merced,3,2,1,0
2020-04-30,Modoc,0,0,0,0
2020-04-30,Mono,0,0,0,0
2020-04-30,Monterey,6,6,3,3
2020-04-30,Napa,1,0,0,0
2020-04-30,Nevada,0,1,0,1
2020-04-30,Orange,214,68,74,13
2020-04-30,Placer,4,28,1,4
2020-04-30,Plumas,0,0,0,0
2020-04-30,Riverside,214,138,85,30
2020-04-30,Sacramento,37,35,17,5
2020-04-30,San Benito,1,0,0,0
2020-04-30,San Bernardino,158,100,58,17
2020-04-30,San Diego,283,81,122,19
2020-04-30,San Francisco,85,11,32,1
2020-04-30,San Joaquin,17,24,8,4
2020-04-30,San Luis Obispo,3,3,3,1
2020-04-30,San Mateo,53,10,16,1
2020-04-30,Santa Barbara,26,9,13,3
2020-04-30,Santa Clara,104,37,45,3
2020-04-30,Santa Cruz,3,0,2,0
2020-04-30,Shasta,2,0,2,0
2020-04-30,Sierra,0,0,0,0
2020-04-30,Siskiyou,0,2,0,0
2020-04-30,Solano,11,12,5,3
2020-04-30,Sonoma,5,7,2,3
2020-04-30,Stanislaus,35,27,3,5
2020-04-30,Sutter,0,0,0,0
2020-04-30,Tehama,0,0,0,0
2020-04-30,Trinity,0,0,0,0
2020-04-30,Tulare,28,2,5,2
2020-04-30,Tuolumne,0,0,0,0
2020-04-30,Ventura,33,18,10,4
2020-04-30,Yolo,0,0,0,0
2020-04-30,Yuba,0,0,0,0
2020-05-01,Alameda,75,60,32,13
2020-05-01,Alpine,0,0,0,0
2020-05-01,Amador,0,0,0,0
2020-05-01,Butte,0,1,0,1
2020-05-01,Calaveras,0,1,0,0
2020-05-01,Colusa,1,0,1,0
2020-05-01,Contra Costa,21,37,8,7
2020-05-01,Del Norte,0,0,0,0
2020-05-01,El Dorado,0,2,0,1
2020-05-01,Fresno,44,28,18,3
2020-05-01,Glenn,0,0,0,0
2020-05-01,Humboldt,0,5,0,0
2020-05-01,Imperial,36,3,14,1
2020-05-01,Inyo,0,0,0,0
2020-05-01,Kern,35,13,19,0
2020-05-01,Kings,11,0,2,0
2020-05-01,Lake,0,2,0,1
2020-05-01,Lassen,0,0,0,0
2020-05-01,Los Angeles,1884,511,606,98
2020-05-01,Madera,0,0,0,0
2020-05-01,Marin,0,5,0,0
2020-05-01,Mariposa,0,2,0,0
2020-05-01,Mendocino,0,0,0,0
2020-05-01,Merced,4,1,1,0
2020-05-01,Modoc,0,0,0,0
2020-05-01,Mono,0,0,0,0
2020-05-01,Monterey,7,1,3,1
2020-05-01,Napa,0,2,0,0
2020-05-01,Nevada,0,1,0,1
2020-05-01,Orange,218,101,62,23
2020-05-01,Placer,5,15,2,2
2020-05-01,Plumas,0,0,0,0
2020-05-01,Riverside,210,152,83,39
2020-05-01,Sacramento,35,29,14,4
2020-05-01,San Benito,1,0,0,0
2020-05-01,San Bernardino,157,106,55,15
2020-05-01,San Diego,290,60,123,11
2020-05-01,San Francisco,86,14,32,0
2020-05-01,San Joaquin,17,16,9,5
2020-05-01,San Luis Obispo,3,4,1,2
2020-05-01,San Mateo,48,12,15,3
2020-05-01,Santa Barbara,28,10,13,2
2020-05-01,Santa Clara,97,43,38,6
2020-05-01,Santa Cruz,3,1,2,0
2020-05-01,Shasta,1,0,1,0
2020-05-01,Sierra,0,0,0,0
2020-05-01,Siskiyou,0,2,0,0
2020-05-01,Solano,10,11,6,3
2020-05-01,Sonoma,4,15,1,4
2020-05-01,Stanislaus,35,19,2,3
2020-05-01,Sutter,0,0,0,0
2020-05-01,Tehama,0,0,0,0
2020-05-01,Trinity,0,0,0,0
2020-05-01,Tulare,28,2,5,2
2020-05-01,Tuolumne,0,0,0,0
2020-05-01,Ventura,29,12,10,4
2020-05-01,Yolo,0,0,0,0
2020-05-01,Yuba,0,0,0,0
2020-05-02,Alameda,73,59,31,7
2020-05-02,Alpine,0,0,0,0
2020-05-02,Amador,0,0,0,0
2020-05-02,Butte,0,0,0,0
2020-05-02,Calaveras,0,1,0,1
2020-05-02,Colusa,1,0,1,0
2020-05-02,Contra Costa,20,45,9,8
2020-05-02,Del Norte,0,0,0,0
2020-05-02,El Dorado,0,2,0,1
2020-05-02,Fresno,45,36,17,2
2020-05-02,Glenn,0,0,0,0
2020-05-02,Humboldt,0,5,0,0
2020-05-02,Imperial,36,3,14,1
2020-05-02,Inyo,0,0,0,0
2020-05-02,Kern,36,7,19,1
2020-05-02,Kings,9,1,2,0
2020-05-02,Lake,0,0,0,0
2020-05-02,Lassen,0,0,0,0
2020-05-02,Los Angeles,1819,561,599,105
2020-05-02,Madera,0,0,0,0
2020-05-02,Marin,0,11,0,0
2020-05-02,Mariposa,0,0,0,0
2020-05-02,Mendocino,0,0,0,0
2020-05-02,Merced,4,4,2,0
2020-05-02,Modoc,0,0,0,0
2020-05-02,Mono,0,0,0,0
2020-05-02,Monterey,8,3,3,2
2020-05-02,Napa,0,1,0,0
2020-05-02,Nevada,0,2,0,1
2020-05-02,Orange,215,107,64,34
2020-05-02,Placer,5,23,2,4
2020-05-02,Plumas,0,0,0,0
2020-05-02,Riverside,211,126,78,31
2020-05-02,Sacramento,23,35,16,10
2020-05-02,San Benito,1,0,0,0
2020-05-02,San Bernardino,144,116,55,22
2020-05-02,San Diego,289,68,123,18
2020-05-02,San Francisco,81,27,29,7
2020-05-02,San Joaquin,17,16,9,6
2020-05-02,San Luis Obispo,3,10,1,4
2020-05-02,San Mateo,48,13,16,1
2020-05-02,Santa Barbara,25,11,13,4
2020-05-02,Santa Clara,95,36,40,6
2020-05-02,Santa Cruz,3,0,1,0
2020-05-02,Shasta,0,0,0,0
2020-05-02,Sierra,0,0,0,0
2020-05-02,Siskiyou,0,0,0,0
2020-05-02,Solano,14,15,7,6
2020-05-02,Sonoma,3,14,2,1
2020-05-02,Stanislaus,36,30,1,7
2020-05-02,Sutter,0,0,0,0
2020-05-02,Tehama,0,0,0,0
2020-05-02,Trinity,0,0,0,0
2020-05-02,Tulare,28,2,5,2
2020-05-02,Tuolumne,0,0,0,0
2020-05-02,Ventura,26,26,10,7
2020-05-02,Yolo,0,0,0,0
2020-05-02,Yuba,0,0,0,0